1|The Complete 2023 Web Development Bootcamp|Become a Full-Stack Web Developer with just ONE course. HTML, CSS, Javascript, Node, React, MongoDB, Web3 and DApps|5.0|63|Expert|Web Development|https://img-c.udemycdn.com/course/480x270/1565838_e54e_16.jpg
2|The Web Developer Bootcamp 2023|10 Hours of React just added. Become a Developer With ONE course - HTML, CSS, JavaScript, React, Node, MongoDB and More!|5.0|74|Expert|Web Development|https://img-c.udemycdn.com/course/480x270/625204_436a_3.jpg
3|Angular - The Complete Guide (2023 Edition)|Master Angular and build awesome, reactive web apps with the successor of Angular.js|4.0|36|Expert|Web Development|https://img-c.udemycdn.com/course/480x270/756150_c033_2.jpg
4|The Complete JavaScript Course 2023: Zero Expert|The modern JavaScript course for everyone! Master JavaScript with projects, challenges and theory. Many courses in one!|5.0|68|Expert|Web Development|https://img-c.udemycdn.com/course/480x270/851712_fc61_6.jpg
5|Build Responsive Real-World Websites with HTML and CSS|Learn modern HTML5, CSS3 and web design by building a stunning website for your portfolio! Includes flexbox and CSS Grid|5.0|37|Beginner|Web Development|https://img-c.udemycdn.com/course/480x270/437398_46c3_10.jpg
6|Modern React with Redux [2023 Update|Master React and Redux Toolkit. Includes RTK Query, tons of custom hooks, and more! Course 100% Updated November 2022|5.0|37|Beginner|Web Development|https://img-c.udemycdn.com/course/480x270/705264_caa9_13.jpg
7|The Complete Web Developer Course 3.0|Learn Web Development in 2023! Build apps, website, projects using HTML, CSS, Javascript, PHP, Python, MySQL & more!|3.0|31|Beginner|Web Development|https://img-c.udemycdn.com/course/480x270/764164_de03_5.jpg
8|The Complete Web Developer in 2023: Zero to Mastery|Learn to code and become a Web Developer in 2023 with HTML, CSS, Javascript, React, Node.js, Machine Learning & more!|4.0|39|Beginner|Web Development|https://img-c.udemycdn.com/course/480x270/1430746_2f43_10.jpg
9|Vue - The Complete Guide (include Router & Composition API)|Vue.js is an awesome JavaScript Framework for building Frontend Applications! VueJS mixes the Best of Angular + React!|5.0|32|Intermediate|Web Development|https://img-c.udemycdn.com/course/480x270/995016_ebf4_3.jpg
10|JavaScript: Understanding the Weird Parts|An advanced JavaScript course for everyone! Scope, closures, prototypes, 'this', build your own framework, and more.|5.0|12|Intermediate|Web Development|https://img-c.udemycdn.com/course/480x270/364426_2991_6.jpg
11|Master Microservices with Spring Boot and Spring Cloud|Java Spring Boot Microservices 5-in-1 - Spring Boot, Spring Cloud, Docker, Kubernetes and REST API (REST Web Services)|4.0|22|Intermediate|Web Development|https://img-c.udemycdn.com/course/480x270/1352468_3d97_8.jpg
12|Understanding TypeScript|Boost your JavaScript projects with TypeScript: Learn all about core types, generics, TypeScript + React or Node & more!|4.0|15|Intermediate|Web Development|https://img-c.udemycdn.com/course/480x270/947098_02ec_2.jpg
13|Advanced CSS and Sass: Flexbox, Grid, Animations and More|The most advanced and modern CSS course on the internet: master flexbox, CSS Grid, responsive design, and so much more.|5.0|28|Expert|Web Development|https://img-c.udemycdn.com/course/480x270/1026604_790b_2.jpg
14|Modern JavaScript From The Beginning 2.0 - 2023 Revamp|A 36-hour master course to take you beginner to advanced JavaScript|5.0|36|Expert|Web Development|https://img-c.udemycdn.com/course/480x270/1463348_52a4_4.jpg
15|Learn and Understand NodeJS|Dive deep under the hood of NodeJS. Learn V8, Express, the MEAN stack, core Javascript concepts, and more.|4.0|13|Expert|Web Development|https://img-c.udemycdn.com/course/480x270/461160_8d87_6.jpg
16|Complete React Developer in 2023 (w/ Redux, Hooks, GraphQL)|Updated! Become a Senior React Developer. Build a massive E-commerce app with Redux, Hooks, GraphQL, Stripe, Firebase|3.0|42|Expert|Web Development|https://img-c.udemycdn.com/course/480x270/2365628_0b60_9.jpg
17|The Complete Angular Beginner to Advanced|The most comprehensive Angular 4 (Angular 2+) course. Build a real e-commerce app with Angular, Firebase and Bootstrap 4|2.0|29|Intermediate|Web Development|https://img-c.udemycdn.com/course/480x270/1247828_32bb.jpg
18|Ethereum and Solidity: The Complete Developer's Guide|Use Ethereum, Solidity, and Smart Contracts to build production-ready apps based on the blockchain|3.0|24|Intermediate|Web Development|https://img-c.udemycdn.com/course/480x270/1466612_bead_3.jpg
19|Modern HTML & CSS From The Beginning (Including Sass)|Build modern responsive websites & UIs with HTML5, CSS3 & Sass! Learn Flex & CSS Grid|5.0|21|Intermediate|Web Development|https://img-c.udemycdn.com/course/480x270/2153774_bef0_4.jpg
20|Responsive Web Design: HTML5 + CSS3 for Entrepreneurs 2018|Build a coding foundation as an entrepreneur, where Iâ€™ll take you through the entire process of coding your own website|4.0|5|Beginner|Web Development|https://img-c.udemycdn.com/course/480x270/505208_2307_5.jpg
21|PHP Beginners - Become a PHP Master - CMS Project|PHP Beginners: learn everything you need to become a professional PHP developer with practical exercises & projects.|2.0|37|All Levels|Web Development|https://img-c.udemycdn.com/course/480x270/405282_27d2_3.jpg
22|Angular & NodeJS - The MEAN Stack Guide [2023 Edition]|Learn how to connect your Angular Frontend to a NodeJS & Express & MongoDB Backend by building a real Application|3.0|12|All Levels|Web Development|https://img-c.udemycdn.com/course/480x270/833442_b26e_5.jpg
23|Python beginners|Master the fundamentals of Python while working on various usecases in easy steps|3.0|15|All Levels|Web Development|https://img-c.udemycdn.com/course/480x270/1386294_cf10_3.jpg
24|The Complete React Developer Course (w/ Hooks and Redux)|Learn how to build and launch React web applications using React, Redux, Webpack, React-Router, and more!|1.0|39|Beginner|Web Development|https://img-c.udemycdn.com/course/480x270/1286908_1773_6.jpg
25|Become a WordPress Developer: Unlocking Power With Code|Learn PHP, JavaScript, WordPress theming & the WP REST API to Create Custom & Interactive WordPress Websites|5.0|42|All Levels|Web Development|https://img-c.udemycdn.com/course/480x270/1010586_b622_3.jpg
26|Build an app with ASPNET Core and Angular from scratch|A practical example of how to build an application with ASP.NET Core API and Angular from start to finish|4.0|35|Beginner|Web Development|https://img-c.udemycdn.com/course/480x270/1455016_0b2d_2.jpg
27|Learn and Understand AngularJS|Master AngularJS and the Javascript concepts behind it, design custom directives, and build a single page application.|4.0|7|All Levels|Web Development|https://img-c.udemycdn.com/course/480x270/289230_1056_16.jpg
28|REST APIs with Flask and Python in 2023|Build professional REST APIs with Python, Flask, Docker, Flask-Smorest, and Flask-SQLAlchemy|4.0|12|Intermediate|Web Development|https://img-c.udemycdn.com/course/480x270/970600_68be_4.jpg
29|HTML and CSS Beginners - Build a Website & Launch ONLINE|HTML and CSS Beginners course will give your all the knowledge you need to master HTML and CSS easily and quickly.|3.0|6|All Levels|Web Development|https://img-c.udemycdn.com/course/480x270/405926_02c8_2.jpg
30|The Complete ASP.NET MVC 5 Course|Learn to build fast and secure web applications with ASP.NET MVC 5 - The most popular course with 40,000+ students!|2.0|7|All Levels|Web Development|https://img-c.udemycdn.com/course/480x270/806922_6310_3.jpg